"available",
"exaggerate",
"ancestor",
"architect",
"neighborhood",
"curriculum",
"promotion",
"opera",
"frequency",
"excavation",
"guarantee",
"reflection",
"benefit",
"development",
"average",
"ghostwriter",
"unlikely",
"disturbance",
"initiative",
"hospitality",
"mastermind",
"eyebrow",
"consciousness",
"operational",
"vehicle",
"housewife",
"capital",
"execution",
"terrify",
"disagree",
"exclusive",
"equinox",
"essential",
"imperial",
"publicity",
"secretary",
"nationalist",
"attention",
"established",
"magnitude",
"orientation",
"contraction",
"intention",
"seminar",
"forecast",
"manufacturer",
"reception",
"fabricate",
"mosquito",
"cooperative",
"parachute",
"exotic",
"demonstrate",
"production",
"spontaneous",
"minimum",
"abolish",
"holiday",
"formation",
"admission",
"handicap",
"continuous",
"presentation",
"constituency",
"unique",
"violation",
"radical",
"notebook",
"custody",
"dictionary",
"comprehensive",
"dominant",
"requirement",
"opponent",
"business",
"national",
"manufacture",
"nominate",
"liberal",
"continuation",
"galaxy",
"interest",
"ignorant",
"indirect",
"illustrate",
"proportion",
"projection",
"philosophy",
"acceptable",
"aluminium",
"continental",
"potential",
"vegetarian",
"elephant",
"advantage",
"recording",
"agenda",
"electronics",
"engagement",
"lonely",